Index,X,Y,Up,Down,Left,Right,Table 1,Table 2
0,24,55,75,15,14,1,A,ア
1,40,55,76,16,0,2,B,イ
2,56,55,77,17,1,3,C,ウ
3,72,55,78,18,2,4,D,エ
4,88,55,79,19,3,5,E,オ
5,120,55,80,20,4,6,a,ヤ
6,136,55,81,21,5,7,b,　
7,152,55,82,22,6,8,c,ユ
8,168,55,83,23,7,9,d,　
9,184,55,84,24,8,10,e,ヨ
10,216,55,85,25,9,11,1,ダ
11,232,55,86,26,10,12,2,ヂ
12,248,55,87,27,11,13,3,ヅ
13,264,55,88,28,12,14,4,デ
14,280,55,89,29,13,0,5,ド
15,24,71,0,30,29,16,F,カ
16,40,71,1,31,15,17,G,キ
17,56,71,2,32,16,18,H,ク
18,72,71,3,33,17,19,I,ケ
19,88,71,4,34,18,20,J,コ
20,120,71,5,35,19,21,f,ラ
21,136,71,6,36,20,22,g,リ
22,152,71,7,37,21,23,h,ル
23,168,71,8,38,22,24,i,レ
24,184,71,9,39,23,25,j,ロ
25,216,71,10,40,24,26,6,バ
26,232,71,11,41,25,27,7,ビ
27,248,71,12,42,26,28,8,ブ
28,264,71,13,43,27,29,9,ベ
29,280,71,14,44,28,15,0,ボ
30,24,87,15,45,44,31,K,サ
31,40,87,16,46,30,32,L,シ
32,56,87,17,47,31,33,M,ス
33,72,87,18,48,32,34,N,セ
34,88,87,19,49,33,35,O,ソ
35,120,87,20,50,34,36,k,ワ
36,136,87,21,51,35,37,l,ヲ
37,152,87,22,52,36,38,m,ン
38,168,87,23,53,37,39,n,　
39,184,87,24,54,38,40,o,　
40,216,87,25,55,39,41,!,パ
41,232,87,26,56,40,42,?,ピ
42,248,87,27,57,41,43,%,プ
43,264,87,28,58,42,44,&,ペ
44,280,87,29,59,43,30,*,ポ
45,24,103,30,60,59,46,P,タ
46,40,103,31,61,45,47,Q,チ
47,56,103,32,62,46,48,R,ツ
48,72,103,33,63,47,49,S,テ
49,88,103,34,64,48,50,T,ト
50,120,103,35,65,49,51,p,ァ
51,136,103,36,66,50,52,q,ィ
52,152,103,37,67,51,53,r,ゥ
53,168,103,38,68,52,54,s,ェ
54,184,103,39,69,53,55,t,ォ
55,216,103,40,70,54,56,(,（
56,232,103,41,71,55,57,),）
57,248,103,42,72,56,58,-,神
58,264,103,43,73,57,59,+,王
59,280,103,44,74,58,45,=,号
60,24,119,45,75,74,61,U,ナ
61,40,119,46,76,60,62,V,ニ
62,56,119,47,77,61,63,W,ヌ
63,72,119,48,78,62,64,X,ネ
64,88,119,49,79,63,65,Y,ノ
65,120,119,50,80,64,66,u,ッ
66,136,119,51,81,65,67,v,ャ
67,152,119,52,82,66,68,w,ュ
68,168,119,53,83,67,69,x,ョ
69,184,119,54,84,68,70,y,ー
70,216,119,55,10,69,71,/,究
71,232,119,56,11,70,72,^,極
72,248,119,57,88,71,73,",",闇
73,264,119,58,13,72,74,.,影
74,280,119,59,103,73,60, ,・
75,24,135,60,0,88,76,Z,ハ
76,40,135,61,1,75,77,[,ヒ
77,56,135,62,2,76,78,],フ
78,72,135,63,3,77,79,',ヘ
79,88,135,64,4,78,80,"""",ホ
80,120,135,65,5,79,81,z,ガ
81,136,135,66,6,80,82,<,ギ
82,152,135,67,7,81,83,>,グ
83,168,135,68,8,82,84,“,ゲ
84,184,135,69,9,83,100,”,ゴ
85,216,135,70,100,84,86,！,★
86,232,135,71,100,85,87,？,〜
87,248,135,72,103,86,88,　,　
88,264,135,72,12,87,103,　,　
89,280,135,74,104,88,75,　,　
90,24,143,75,0,103,91,ま,マ
91,40,143,76,1,90,92,み,ミ
92,56,143,77,2,91,93,む,ム
93,72,143,78,3,92,94,め,メ
94,88,143,79,4,93,95,も,モ
95,120,143,80,5,94,96,ざ,ザ
96,136,143,81,6,95,97,じ,ジ
97,152,143,82,7,96,98,ず,ズ
98,168,143,83,8,97,99,ぜ,ゼ
99,184,143,84,9,98,100,ぞ,ゾ
100,216,135,70,10,84,88,　,　
101,232,143,86,11,100,102,　,　
102,248,143,87,12,101,103,　,　
103,280,135,74,14,88,75,　,　
104,280,143,89,14,103,90,　,　
